<service>
	<id>pm2.exe</id>
	<name>PM2</name>
	<description>Node process manager</description>
	<executable>C:\Program Files\nodejs\node.exe</executable>
	<argument>--harmony</argument>
	<argument>C:\ProgramData\npm\npm\node_modules\node-windows\lib\wrapper.js</argument>
	<argument>--file</argument>
	<argument>C:\ProgramData\pm2\service\index.js</argument>
	<argument>--scriptoptions=</argument>
	<argument>--log</argument>
	<argument>PM2 wrapper</argument>
	<argument>--grow</argument>
	<argument>0.25</argument>
	<argument>--wait</argument>
	<argument>1</argument>
	<argument>--maxrestarts</argument>
	<argument>3</argument>
	<argument>--abortonerror</argument>
	<argument>n</argument>
	<argument>--stopparentfirst</argument>
	<argument>true</argument>
	<logmode>rotate</logmode>
	<stopparentprocessfirst>true</stopparentprocessfirst>
	<stoptimeout>30sec</stoptimeout>
	<serviceaccount>
		<domain>LAPTOP-CI3TQ27D</domain>
		<user>LocalSystem</user>
		<password></password>
	</serviceaccount>
	<workingdirectory>C:\ProgramData\pm2\service</workingdirectory>
</service>